name,month_year_date,avg_stars
Starbucks,2011-09-01,3.5795454545454546
Starbucks,2011-02-01,3.3636363636363638
Starbucks,2013-09-01,3.2919254658385095
Starbucks,2017-11-01,2.975206611570248
Starbucks,2008-10-01,3.4444444444444446
Starbucks,2012-01-01,3.4526315789473685
Starbucks,2007-06-01,3.0
Starbucks,2014-04-01,3.1314285714285712
Starbucks,2008-07-01,3.5
Starbucks,2015-10-01,3.0773809523809526
Starbucks,2016-05-01,2.784660766961652
Starbucks,2016-01-01,3.0272727272727273
Starbucks,2010-11-01,3.453125
Starbucks,2016-10-01,2.852272727272727
Starbucks,2010-05-01,3.3703703703703702
Starbucks,2011-12-01,3.3181818181818183
Starbucks,2015-03-01,3.1365313653136533
Starbucks,2018-06-01,2.997506234413965
Starbucks,2008-01-01,1.5
Starbucks,2010-01-01,3.5833333333333335
Starbucks,2012-04-01,3.5306122448979593
Starbucks,2008-04-01,3.5
Starbucks,2017-08-01,2.9136904761904763
Starbucks,2016-09-01,2.8536585365853657
Starbucks,2006-11-01,1.0
Starbucks,2013-07-01,3.303448275862069
Starbucks,2009-08-01,3.0
Starbucks,2008-05-01,3.5
Starbucks,2008-12-01,3.5
Starbucks,2009-04-01,3.1875
Starbucks,2012-06-01,3.348314606741573
Starbucks,2009-07-01,3.1
Starbucks,2015-04-01,3.2092198581560285
Starbucks,2012-05-01,3.337078651685393
Starbucks,2017-04-01,2.8351351351351353
Starbucks,2010-12-01,3.462686567164179
Starbucks,2017-01-01,2.8802395209580838
Starbucks,2011-11-01,3.4471544715447155
Starbucks,2007-12-01,3.8
Starbucks,2012-07-01,3.3855421686746987
Starbucks,2012-09-01,3.5346534653465347
Starbucks,2010-03-01,3.5185185185185186
Starbucks,2014-08-01,3.25390625
Starbucks,2007-02-01,4.0
Starbucks,2018-01-01,3.062162162162162
Starbucks,2013-05-01,3.4518518518518517
Starbucks,2009-05-01,3.4
Starbucks,2008-09-01,4.0
Starbucks,2016-03-01,3.0689655172413794
Starbucks,2012-08-01,3.5533980582524274
Starbucks,2013-06-01,3.5813953488372094
Starbucks,2007-08-01,3.75
Starbucks,2014-01-01,3.157303370786517
Starbucks,2007-07-01,3.0
Starbucks,2017-12-01,2.9278350515463916
Starbucks,2011-01-01,3.710843373493976
Starbucks,2012-12-01,3.3208955223880596
Starbucks,2017-10-01,2.9655172413793105
Starbucks,2015-08-01,3.0963855421686746
Starbucks,2011-06-01,3.5842696629213484
Starbucks,2014-12-01,3.022140221402214
Starbucks,2016-04-01,3.1318051575931234
Starbucks,2009-01-01,2.857142857142857
Starbucks,2014-10-01,3.2025862068965516
Starbucks,2009-12-01,3.0
Starbucks,2013-01-01,3.5632911392405062
Starbucks,2017-06-01,3.019047619047619
Starbucks,2010-07-01,4.027777777777778
Starbucks,2013-10-01,3.374269005847953
Starbucks,2013-04-01,3.4452054794520546
Starbucks,2008-02-01,3.0
Starbucks,2013-12-01,3.179640718562874
Starbucks,2010-09-01,3.8181818181818183
Starbucks,2015-06-01,3.0544871794871793
Starbucks,2006-05-01,3.0
Starbucks,2017-07-01,3.0338983050847457
Starbucks,2008-08-01,4.0
Starbucks,2018-04-01,3.0933660933660936
Starbucks,2013-03-01,3.5314685314685317
Starbucks,2014-06-01,3.0833333333333335
Starbucks,2014-02-01,3.197860962566845
Starbucks,2011-05-01,3.239130434782609
Starbucks,2015-09-01,3.142857142857143
Starbucks,2011-04-01,3.5046728971962615
Starbucks,2006-01-01,3.0
Starbucks,2008-11-01,3.0
Starbucks,2007-05-01,3.0
Starbucks,2018-05-01,3.1316526610644257
Starbucks,2016-11-01,2.68944099378882
Starbucks,2012-10-01,3.625
Starbucks,2014-09-01,2.938053097345133
Starbucks,2010-04-01,2.8333333333333335
Starbucks,2010-06-01,3.727272727272727
Starbucks,2015-07-01,3.2193548387096773
Starbucks,2017-09-01,2.8917378917378915
Starbucks,2011-03-01,3.4727272727272727
Starbucks,2013-08-01,3.4074074074074074
Starbucks,2015-05-01,3.0220125786163523
Starbucks,2009-11-01,3.5
Starbucks,2007-03-01,4.0
Starbucks,2006-12-01,4.0
Starbucks,2012-03-01,3.6422018348623855
Starbucks,2012-11-01,3.6311475409836067
Starbucks,2010-02-01,3.2333333333333334
Starbucks,2010-10-01,3.4915254237288136
Starbucks,2007-09-01,3.0
Starbucks,2014-11-01,3.0795847750865053
Starbucks,2017-05-01,2.9303621169916436
Starbucks,2009-09-01,4.166666666666667
Starbucks,2016-07-01,2.857142857142857
Starbucks,2015-11-01,2.9881305637982196
Starbucks,2009-03-01,4.1
Starbucks,2013-11-01,3.2176470588235295
Starbucks,2009-06-01,3.6
Starbucks,2007-04-01,5.0
Starbucks,2014-05-01,3.08502024291498
Starbucks,2013-02-01,3.4895833333333335
Starbucks,2007-01-01,3.0
Starbucks,2009-10-01,2.5
Starbucks,2007-10-01,4.0
Starbucks,2016-08-01,2.9027777777777777
Starbucks,2018-07-01,2.56
Starbucks,2014-07-01,3.2439862542955327
Starbucks,2009-02-01,3.0
Starbucks,2017-02-01,2.9419354838709677
Starbucks,2018-02-01,3.155844155844156
Starbucks,2008-06-01,3.2857142857142856
Starbucks,2008-03-01,4.0
Starbucks,2005-11-01,4.0
Starbucks,2015-01-01,3.2803030303030303
Starbucks,2011-07-01,3.657142857142857
Starbucks,2006-10-01,3.0
Starbucks,2010-08-01,3.4423076923076925
Starbucks,2016-06-01,2.7988668555240794
Starbucks,2018-03-01,3.0365853658536586
Starbucks,2011-08-01,3.507936507936508
Starbucks,2016-12-01,2.786324786324786
Starbucks,2011-10-01,3.372093023255814
Starbucks,2016-02-01,3.0220820189274447
Starbucks,2012-02-01,3.52
Starbucks,2014-03-01,3.415
Starbucks,2015-12-01,2.9481268011527377
Starbucks,2015-02-01,3.1841004184100417
Starbucks,2017-03-01,3.0028011204481793
McDonald's,2015-04-01,2.3035714285714284
McDonald's,2017-11-01,1.6950354609929077
McDonald's,2010-03-01,3.25
McDonald's,2009-01-01,1.8333333333333333
McDonald's,2007-03-01,3.0
McDonald's,2014-11-01,2.1578947368421053
McDonald's,2014-07-01,2.12
McDonald's,2010-12-01,2.625
McDonald's,2007-07-01,2.0
McDonald's,2008-08-01,5.0
McDonald's,2015-09-01,1.8392857142857142
McDonald's,2014-08-01,2.2184873949579833
McDonald's,2014-02-01,2.04
McDonald's,2014-06-01,2.098901098901099
McDonald's,2008-11-01,2.3333333333333335
McDonald's,2013-06-01,2.423076923076923
McDonald's,2007-02-01,2.0
McDonald's,2011-05-01,2.3461538461538463
McDonald's,2010-08-01,2.65
McDonald's,2016-01-01,2.0706521739130435
McDonald's,2008-12-01,2.6
McDonald's,2016-11-01,1.7757575757575759
McDonald's,2016-08-01,2.0
McDonald's,2015-03-01,2.2195121951219514
McDonald's,2010-10-01,2.7083333333333335
McDonald's,2010-01-01,3.142857142857143
McDonald's,2012-06-01,2.6511627906976742
McDonald's,2012-07-01,2.6346153846153846
McDonald's,2011-02-01,3.3333333333333335
McDonald's,2017-09-01,1.7524752475247525
McDonald's,2012-01-01,2.738095238095238
McDonald's,2013-02-01,2.7241379310344827
McDonald's,2014-01-01,2.2083333333333335
McDonald's,2010-02-01,2.7777777777777777
McDonald's,2013-08-01,2.2051282051282053
McDonald's,2013-09-01,2.28125
McDonald's,2014-12-01,2.1176470588235294
McDonald's,2008-01-01,2.75
McDonald's,2011-04-01,2.757575757575758
McDonald's,2017-01-01,1.8041237113402062
McDonald's,2009-04-01,1.6666666666666667
McDonald's,2013-05-01,2.263888888888889
McDonald's,2009-06-01,3.75
McDonald's,2013-12-01,2.21875
McDonald's,2017-07-01,1.940625
McDonald's,2013-03-01,2.526315789473684
McDonald's,2018-02-01,1.779783393501805
McDonald's,2012-10-01,2.4583333333333335
McDonald's,2011-06-01,3.04
McDonald's,2009-12-01,2.857142857142857
McDonald's,2016-10-01,1.9278846153846154
McDonald's,2018-06-01,1.6170731707317074
McDonald's,2007-04-01,1.5
McDonald's,2017-02-01,1.9617224880382775
McDonald's,2011-12-01,2.675
McDonald's,2016-02-01,1.8011363636363635
McDonald's,2010-06-01,2.1818181818181817
McDonald's,2012-03-01,2.7
McDonald's,2016-12-01,2.0558375634517767
McDonald's,2008-07-01,2.0
McDonald's,2014-10-01,1.7386363636363635
McDonald's,2009-08-01,2.2
McDonald's,2006-02-01,1.0
McDonald's,2011-01-01,2.789473684210526
McDonald's,2006-11-01,3.0
McDonald's,2015-10-01,1.7919075144508672
McDonald's,2010-09-01,2.7
McDonald's,2017-05-01,1.8645418326693226
McDonald's,2015-07-01,2.063380281690141
McDonald's,2015-11-01,1.8048780487804879
McDonald's,2013-10-01,2.2419354838709675
McDonald's,2012-04-01,2.4
McDonald's,2015-08-01,2.093264248704663
McDonald's,2013-04-01,2.807017543859649
McDonald's,2015-01-01,2.190082644628099
McDonald's,2015-05-01,2.088235294117647
McDonald's,2010-05-01,2.4615384615384617
McDonald's,2008-09-01,3.2
McDonald's,2005-05-01,1.0
McDonald's,2007-10-01,4.0
McDonald's,2016-09-01,1.8502673796791445
McDonald's,2007-05-01,1.0
McDonald's,2008-05-01,5.0
McDonald's,2007-12-01,2.0
McDonald's,2017-12-01,1.8178571428571428
McDonald's,2013-11-01,2.4166666666666665
McDonald's,2008-06-01,2.25
McDonald's,2016-07-01,1.8585365853658538
McDonald's,2018-03-01,1.7980997624703088
McDonald's,2008-03-01,4.0
McDonald's,2011-09-01,2.769230769230769
McDonald's,2012-11-01,2.7540983606557377
McDonald's,2018-01-01,1.925531914893617
McDonald's,2014-09-01,2.0521739130434784
McDonald's,2015-06-01,2.0470588235294116
McDonald's,2010-04-01,2.6363636363636362
McDonald's,2011-07-01,2.7555555555555555
McDonald's,2014-04-01,2.0434782608695654
McDonald's,2012-12-01,2.604651162790698
McDonald's,2009-03-01,2.5555555555555554
McDonald's,2016-06-01,2.0211640211640214
McDonald's,2014-03-01,2.352272727272727
McDonald's,2017-04-01,1.9248826291079812
McDonald's,2009-11-01,2.888888888888889
McDonald's,2012-02-01,2.5161290322580645
McDonald's,2017-08-01,1.7816455696202531
McDonald's,2009-07-01,3.3333333333333335
McDonald's,2009-10-01,2.3333333333333335
McDonald's,2010-07-01,3.2857142857142856
McDonald's,2007-08-01,1.0
McDonald's,2016-04-01,1.9842105263157894
McDonald's,2016-05-01,1.8816568047337279
McDonald's,2015-12-01,1.8823529411764706
McDonald's,2017-03-01,1.7526315789473683
McDonald's,2018-04-01,1.923943661971831
McDonald's,2006-06-01,4.0
McDonald's,2009-02-01,2.0
McDonald's,2011-03-01,2.4705882352941178
McDonald's,2011-08-01,2.6666666666666665
McDonald's,2010-11-01,3.4347826086956523
McDonald's,2016-03-01,2.062111801242236
McDonald's,2015-02-01,2.2934782608695654
McDonald's,2009-09-01,2.0
McDonald's,2008-04-01,1.5
McDonald's,2012-08-01,2.278688524590164
McDonald's,2007-06-01,5.0
McDonald's,2013-07-01,2.1785714285714284
McDonald's,2009-05-01,2.1666666666666665
McDonald's,2017-06-01,1.7081712062256809
McDonald's,2007-09-01,2.3333333333333335
McDonald's,2008-10-01,2.8
McDonald's,2011-11-01,2.58974358974359
McDonald's,2014-05-01,2.227272727272727
McDonald's,2012-05-01,2.413793103448276
McDonald's,2018-05-01,1.7669172932330828
McDonald's,2013-01-01,2.4262295081967213
McDonald's,2018-07-01,1.5185185185185186
McDonald's,2012-09-01,2.4047619047619047
McDonald's,2011-10-01,2.441860465116279
McDonald's,2017-10-01,1.5263157894736843
Hash House A Go Go,2007-10-01,4.75
Hash House A Go Go,2018-03-01,3.740740740740741
Hash House A Go Go,2008-11-01,3.0
Hash House A Go Go,2014-03-01,3.6134453781512605
Hash House A Go Go,2007-06-01,3.0
Hash House A Go Go,2007-01-01,4.0
Hash House A Go Go,2013-12-01,3.6116504854368934
Hash House A Go Go,2011-05-01,3.6666666666666665
Hash House A Go Go,2017-01-01,3.7889908256880735
Hash House A Go Go,2016-10-01,3.7454545454545456
Hash House A Go Go,2009-03-01,3.75
Hash House A Go Go,2017-07-01,3.741573033707865
Hash House A Go Go,2006-12-01,4.0
Hash House A Go Go,2016-11-01,3.7551020408163267
Hash House A Go Go,2007-05-01,4.0
Hash House A Go Go,2014-02-01,3.860215053763441
Hash House A Go Go,2015-09-01,3.7735849056603774
Hash House A Go Go,2018-05-01,3.7906976744186047
Hash House A Go Go,2016-09-01,3.9454545454545453
Hash House A Go Go,2015-08-01,3.662721893491124
Hash House A Go Go,2012-10-01,3.607142857142857
Hash House A Go Go,2007-11-01,5.0
Hash House A Go Go,2010-11-01,3.5535714285714284
Hash House A Go Go,2013-04-01,3.875
Hash House A Go Go,2009-08-01,3.75
Hash House A Go Go,2008-04-01,4.5
Hash House A Go Go,2009-09-01,4.0
Hash House A Go Go,2012-05-01,3.8852459016393444
Hash House A Go Go,2016-12-01,3.727272727272727
Hash House A Go Go,2012-08-01,3.6923076923076925
Hash House A Go Go,2009-10-01,4.222222222222222
Hash House A Go Go,2012-09-01,3.913793103448276
Hash House A Go Go,2009-05-01,4.0
Hash House A Go Go,2016-05-01,3.7866666666666666
Hash House A Go Go,2014-09-01,3.935483870967742
Hash House A Go Go,2012-11-01,3.795918367346939
Hash House A Go Go,2012-03-01,3.8780487804878048
Hash House A Go Go,2013-05-01,3.59375
Hash House A Go Go,2012-04-01,3.486842105263158
Hash House A Go Go,2008-01-01,4.0
Hash House A Go Go,2011-02-01,3.536231884057971
Hash House A Go Go,2015-07-01,3.6954314720812182
Hash House A Go Go,2015-12-01,3.6147540983606556
Hash House A Go Go,2009-11-01,3.588235294117647
Hash House A Go Go,2014-01-01,3.8684210526315788
Hash House A Go Go,2015-02-01,3.83739837398374
Hash House A Go Go,2007-04-01,5.0
Hash House A Go Go,2008-05-01,4.0
Hash House A Go Go,2011-04-01,3.6164383561643834
Hash House A Go Go,2016-07-01,3.7432432432432434
Hash House A Go Go,2011-07-01,3.731707317073171
Hash House A Go Go,2017-08-01,3.951219512195122
Hash House A Go Go,2016-03-01,3.778523489932886
Hash House A Go Go,2017-10-01,4.094827586206897
Hash House A Go Go,2010-10-01,3.6825396825396823
Hash House A Go Go,2014-06-01,3.648
Hash House A Go Go,2013-11-01,3.7184466019417477
Hash House A Go Go,2014-05-01,3.6551724137931036
Hash House A Go Go,2017-03-01,3.7522935779816513
Hash House A Go Go,2006-11-01,5.0
Hash House A Go Go,2013-08-01,3.97
Hash House A Go Go,2008-07-01,2.1666666666666665
Hash House A Go Go,2010-09-01,3.69811320754717
Hash House A Go Go,2015-05-01,3.6285714285714286
Hash House A Go Go,2007-12-01,4.5
Hash House A Go Go,2017-02-01,4.0
Hash House A Go Go,2011-09-01,3.6515151515151514
Hash House A Go Go,2012-01-01,3.7710843373493974
Hash House A Go Go,2017-04-01,3.8874172185430464
Hash House A Go Go,2010-05-01,3.948717948717949
Hash House A Go Go,2008-08-01,3.5
Hash House A Go Go,2012-06-01,3.95
Hash House A Go Go,2018-07-01,3.4166666666666665
Hash House A Go Go,2012-07-01,3.86046511627907
Hash House A Go Go,2013-03-01,3.783333333333333
Hash House A Go Go,2012-02-01,4.220588235294118
Hash House A Go Go,2014-07-01,3.871165644171779
Hash House A Go Go,2010-01-01,3.441860465116279
Hash House A Go Go,2008-12-01,4.6
Hash House A Go Go,2017-06-01,3.8773006134969323
Hash House A Go Go,2017-11-01,4.085106382978723
Hash House A Go Go,2009-12-01,3.4210526315789473
Hash House A Go Go,2017-12-01,3.9461538461538463
Hash House A Go Go,2008-02-01,4.0
Hash House A Go Go,2011-12-01,3.5357142857142856
Hash House A Go Go,2007-07-01,4.0
Hash House A Go Go,2011-10-01,3.6545454545454548
Hash House A Go Go,2010-04-01,3.5
Hash House A Go Go,2015-11-01,3.7217391304347824
Hash House A Go Go,2015-03-01,3.5348837209302326
Hash House A Go Go,2014-04-01,3.7058823529411766
Hash House A Go Go,2013-06-01,3.5855855855855854
Hash House A Go Go,2011-03-01,3.282051282051282
Hash House A Go Go,2010-08-01,3.6769230769230767
Hash House A Go Go,2016-08-01,3.8702290076335877
Hash House A Go Go,2011-11-01,3.8115942028985508
Hash House A Go Go,2013-02-01,4.180327868852459
Hash House A Go Go,2010-03-01,3.975
Hash House A Go Go,2015-06-01,3.6863905325443787
Hash House A Go Go,2015-04-01,3.657142857142857
Hash House A Go Go,2011-06-01,3.895348837209302
Hash House A Go Go,2009-07-01,4.363636363636363
Hash House A Go Go,2008-09-01,4.2
Hash House A Go Go,2013-10-01,3.769230769230769
Hash House A Go Go,2014-08-01,3.7416666666666667
Hash House A Go Go,2010-06-01,3.9473684210526314
Hash House A Go Go,2018-02-01,3.9139072847682117
Hash House A Go Go,2015-10-01,4.0
Hash House A Go Go,2018-04-01,3.8698224852071004
Hash House A Go Go,2016-02-01,3.738095238095238
Hash House A Go Go,2015-01-01,3.8813559322033897
Hash House A Go Go,2008-03-01,3.0
Hash House A Go Go,2012-12-01,3.378787878787879
Hash House A Go Go,2014-12-01,3.752688172043011
Hash House A Go Go,2017-09-01,4.0
Hash House A Go Go,2013-01-01,3.6984126984126986
Hash House A Go Go,2018-06-01,4.096
Hash House A Go Go,2011-08-01,3.7205882352941178
Hash House A Go Go,2013-09-01,4.076923076923077
Hash House A Go Go,2016-01-01,3.8214285714285716
Hash House A Go Go,2018-01-01,3.8037974683544302
Hash House A Go Go,2010-12-01,3.8979591836734695
Hash House A Go Go,2007-08-01,4.25
Hash House A Go Go,2010-07-01,3.721311475409836
Hash House A Go Go,2009-02-01,4.25
Hash House A Go Go,2014-11-01,3.627659574468085
Hash House A Go Go,2009-04-01,4.0
Hash House A Go Go,2016-06-01,3.967948717948718
Hash House A Go Go,2011-01-01,3.4
Hash House A Go Go,2009-01-01,3.857142857142857
Hash House A Go Go,2008-06-01,2.75
Hash House A Go Go,2008-10-01,4.333333333333333
Hash House A Go Go,2014-10-01,3.8135593220338984
Hash House A Go Go,2007-09-01,2.5
Hash House A Go Go,2016-04-01,3.9709302325581395
Hash House A Go Go,2010-02-01,3.4285714285714284
Hash House A Go Go,2017-05-01,3.88
Hash House A Go Go,2009-06-01,3.75
Hash House A Go Go,2013-07-01,3.970873786407767
Chipotle Mexican Grill,2010-05-01,4.4
Chipotle Mexican Grill,2017-09-01,2.4927536231884058
Chipotle Mexican Grill,2005-12-01,4.0
Chipotle Mexican Grill,2010-01-01,3.7142857142857144
Chipotle Mexican Grill,2008-11-01,3.9
Chipotle Mexican Grill,2008-01-01,1.0
Chipotle Mexican Grill,2018-01-01,2.803921568627451
Chipotle Mexican Grill,2008-12-01,4.0
Chipotle Mexican Grill,2014-07-01,3.016
Chipotle Mexican Grill,2007-12-01,5.0
Chipotle Mexican Grill,2012-01-01,3.395348837209302
Chipotle Mexican Grill,2010-04-01,4.0
Chipotle Mexican Grill,2010-09-01,4.2
Chipotle Mexican Grill,2012-07-01,3.3714285714285714
Chipotle Mexican Grill,2006-08-01,4.0
Chipotle Mexican Grill,2010-06-01,3.7058823529411766
Chipotle Mexican Grill,2009-07-01,3.7142857142857144
Chipotle Mexican Grill,2015-02-01,3.0
Chipotle Mexican Grill,2011-09-01,3.7586206896551726
Chipotle Mexican Grill,2012-02-01,3.6666666666666665
Chipotle Mexican Grill,2008-08-01,3.0
Chipotle Mexican Grill,2010-12-01,4.2592592592592595
Chipotle Mexican Grill,2011-02-01,3.9696969696969697
Chipotle Mexican Grill,2010-02-01,4.111111111111111
Chipotle Mexican Grill,2007-02-01,4.0
Chipotle Mexican Grill,2011-05-01,3.9615384615384617
Chipotle Mexican Grill,2008-10-01,3.7142857142857144
Chipotle Mexican Grill,2013-04-01,3.484375
Chipotle Mexican Grill,2016-07-01,2.830769230769231
Chipotle Mexican Grill,2014-08-01,3.1374045801526718
Chipotle Mexican Grill,2011-07-01,3.871794871794872
Chipotle Mexican Grill,2016-09-01,2.6106870229007635
Chipotle Mexican Grill,2017-08-01,2.5193798449612403
Chipotle Mexican Grill,2013-12-01,3.3043478260869565
Chipotle Mexican Grill,2014-12-01,2.8518518518518516
Chipotle Mexican Grill,2017-05-01,2.8776978417266186
Chipotle Mexican Grill,2016-12-01,2.411290322580645
Chipotle Mexican Grill,2012-11-01,3.5135135135135136
Chipotle Mexican Grill,2017-12-01,2.402173913043478
Chipotle Mexican Grill,2015-10-01,2.54
Chipotle Mexican Grill,2010-03-01,3.888888888888889
Chipotle Mexican Grill,2006-10-01,4.0
Chipotle Mexican Grill,2008-03-01,4.0
Chipotle Mexican Grill,2011-06-01,3.9714285714285715
Chipotle Mexican Grill,2016-06-01,3.212328767123288
Chipotle Mexican Grill,2007-08-01,3.0
Chipotle Mexican Grill,2014-06-01,3.1746031746031744
Chipotle Mexican Grill,2006-01-01,5.0
Chipotle Mexican Grill,2012-10-01,3.8055555555555554
Chipotle Mexican Grill,2015-11-01,2.8916666666666666
Chipotle Mexican Grill,2017-01-01,2.553030303030303
Chipotle Mexican Grill,2017-04-01,2.585185185185185
Chipotle Mexican Grill,2015-09-01,2.7131782945736433
Chipotle Mexican Grill,2007-11-01,3.8
Chipotle Mexican Grill,2018-07-01,2.5
Chipotle Mexican Grill,2016-05-01,2.8153846153846156
Chipotle Mexican Grill,2013-06-01,3.56140350877193
Chipotle Mexican Grill,2014-05-01,3.0833333333333335
Chipotle Mexican Grill,2009-03-01,3.8333333333333335
Chipotle Mexican Grill,2009-04-01,3.9
Chipotle Mexican Grill,2014-03-01,3.2839506172839505
Chipotle Mexican Grill,2012-08-01,3.775
Chipotle Mexican Grill,2012-05-01,3.760869565217391
Chipotle Mexican Grill,2011-10-01,3.53125
Chipotle Mexican Grill,2008-07-01,4.111111111111111
Chipotle Mexican Grill,2007-07-01,4.5
Chipotle Mexican Grill,2018-05-01,2.5757575757575757
Chipotle Mexican Grill,2008-05-01,3.4285714285714284
Chipotle Mexican Grill,2005-11-01,3.0
Chipotle Mexican Grill,2014-11-01,2.787037037037037
Chipotle Mexican Grill,2010-10-01,3.888888888888889
Chipotle Mexican Grill,2015-08-01,2.768421052631579
Chipotle Mexican Grill,2007-03-01,4.333333333333333
Chipotle Mexican Grill,2011-12-01,3.838709677419355
Chipotle Mexican Grill,2008-04-01,3.8
Chipotle Mexican Grill,2009-01-01,4.222222222222222
Chipotle Mexican Grill,2010-08-01,3.5454545454545454
Chipotle Mexican Grill,2015-07-01,2.7515151515151515
Chipotle Mexican Grill,2009-02-01,3.6
Chipotle Mexican Grill,2018-04-01,2.6025641025641026
Chipotle Mexican Grill,2013-01-01,3.36
Chipotle Mexican Grill,2013-07-01,3.290909090909091
Chipotle Mexican Grill,2013-02-01,3.462962962962963
Chipotle Mexican Grill,2015-01-01,2.7007874015748032
Chipotle Mexican Grill,2018-03-01,2.852112676056338
Chipotle Mexican Grill,2016-03-01,3.008403361344538
Chipotle Mexican Grill,2006-07-01,4.2
Chipotle Mexican Grill,2014-04-01,2.9347826086956523
Chipotle Mexican Grill,2018-06-01,2.6666666666666665
Chipotle Mexican Grill,2011-04-01,3.6363636363636362
Chipotle Mexican Grill,2007-09-01,4.4
Chipotle Mexican Grill,2016-11-01,2.7777777777777777
Chipotle Mexican Grill,2013-08-01,3.019607843137255
Chipotle Mexican Grill,2011-08-01,3.660377358490566
Chipotle Mexican Grill,2014-01-01,3.3552631578947367
Chipotle Mexican Grill,2015-04-01,2.798507462686567
Chipotle Mexican Grill,2009-05-01,3.4
Chipotle Mexican Grill,2011-11-01,3.5609756097560976
Chipotle Mexican Grill,2015-06-01,3.0661764705882355
Chipotle Mexican Grill,2016-01-01,2.908333333333333
Chipotle Mexican Grill,2015-05-01,2.9153846153846152
Chipotle Mexican Grill,2014-10-01,2.9210526315789473
Chipotle Mexican Grill,2016-08-01,3.0135135135135136
Chipotle Mexican Grill,2015-12-01,3.082474226804124
Chipotle Mexican Grill,2012-09-01,3.7857142857142856
Chipotle Mexican Grill,2006-09-01,1.0
Chipotle Mexican Grill,2011-03-01,3.658536585365854
Chipotle Mexican Grill,2017-10-01,2.7941176470588234
Chipotle Mexican Grill,2006-05-01,3.0
Chipotle Mexican Grill,2017-02-01,3.1192660550458715
Chipotle Mexican Grill,2010-11-01,3.5517241379310347
Chipotle Mexican Grill,2013-03-01,3.353846153846154
Chipotle Mexican Grill,2009-06-01,3.3076923076923075
Chipotle Mexican Grill,2017-06-01,2.8106060606060606
Chipotle Mexican Grill,2009-10-01,3.3333333333333335
Chipotle Mexican Grill,2012-12-01,3.4523809523809526
Chipotle Mexican Grill,2014-09-01,2.86734693877551
Chipotle Mexican Grill,2013-05-01,3.325
Chipotle Mexican Grill,2013-09-01,3.338709677419355
Chipotle Mexican Grill,2018-02-01,2.780952380952381
Chipotle Mexican Grill,2016-02-01,2.8636363636363638
Chipotle Mexican Grill,2017-03-01,2.6328125
Chipotle Mexican Grill,2012-03-01,3.849056603773585
Chipotle Mexican Grill,2007-10-01,4.0
Chipotle Mexican Grill,2009-12-01,4.0
Chipotle Mexican Grill,2009-11-01,3.6
Chipotle Mexican Grill,2008-09-01,4.0
Chipotle Mexican Grill,2015-03-01,2.6564885496183206
Chipotle Mexican Grill,2016-10-01,2.8767123287671232
Chipotle Mexican Grill,2010-07-01,3.7142857142857144
Chipotle Mexican Grill,2017-11-01,2.7611940298507465
Chipotle Mexican Grill,2011-01-01,3.857142857142857
Chipotle Mexican Grill,2008-06-01,3.857142857142857
Chipotle Mexican Grill,2006-06-01,5.0
Chipotle Mexican Grill,2017-07-01,2.6025641025641026
Chipotle Mexican Grill,2012-04-01,3.1842105263157894
Chipotle Mexican Grill,2013-11-01,3.3442622950819674
Chipotle Mexican Grill,2014-02-01,3.010869565217391
Chipotle Mexican Grill,2012-06-01,3.627906976744186
Chipotle Mexican Grill,2007-01-01,3.0
Chipotle Mexican Grill,2009-09-01,3.4444444444444446
Chipotle Mexican Grill,2016-04-01,2.7906976744186047
Chipotle Mexican Grill,2006-11-01,4.0
Chipotle Mexican Grill,2008-02-01,4.428571428571429
Chipotle Mexican Grill,2009-08-01,3.466666666666667
Chipotle Mexican Grill,2013-10-01,3.3833333333333333
Chipotle Mexican Grill,2007-06-01,4.666666666666667
Mon Ami Gabi,2015-11-01,4.226190476190476
Mon Ami Gabi,2007-09-01,4.0
Mon Ami Gabi,2018-04-01,4.09375
Mon Ami Gabi,2010-04-01,4.344827586206897
Mon Ami Gabi,2009-10-01,4.0
Mon Ami Gabi,2013-11-01,4.133333333333334
Mon Ami Gabi,2016-12-01,4.142857142857143
Mon Ami Gabi,2012-04-01,4.016666666666667
Mon Ami Gabi,2009-04-01,4.0
Mon Ami Gabi,2006-06-01,5.0
Mon Ami Gabi,2011-04-01,4.09433962264151
Mon Ami Gabi,2014-12-01,3.9310344827586206
Mon Ami Gabi,2011-09-01,4.285714285714286
Mon Ami Gabi,2014-01-01,4.25
Mon Ami Gabi,2014-05-01,4.085106382978723
Mon Ami Gabi,2012-10-01,4.134615384615385
Mon Ami Gabi,2012-06-01,4.114754098360656
Mon Ami Gabi,2015-02-01,4.134831460674158
Mon Ami Gabi,2009-02-01,3.8181818181818183
Mon Ami Gabi,2016-08-01,4.074626865671642
Mon Ami Gabi,2009-08-01,4.125
Mon Ami Gabi,2014-03-01,4.085470085470085
Mon Ami Gabi,2006-04-01,4.0
Mon Ami Gabi,2012-09-01,4.2631578947368425
Mon Ami Gabi,2011-10-01,4.115384615384615
Mon Ami Gabi,2014-04-01,4.025316455696203
Mon Ami Gabi,2015-05-01,4.02
Mon Ami Gabi,2013-03-01,4.054054054054054
Mon Ami Gabi,2010-12-01,4.073170731707317
Mon Ami Gabi,2012-05-01,4.285714285714286
Mon Ami Gabi,2012-08-01,4.085365853658536
Mon Ami Gabi,2016-11-01,4.212121212121212
Mon Ami Gabi,2016-03-01,4.213483146067416
Mon Ami Gabi,2006-05-01,4.333333333333333
Mon Ami Gabi,2014-06-01,4.222222222222222
Mon Ami Gabi,2006-11-01,5.0
Mon Ami Gabi,2014-11-01,4.119402985074627
Mon Ami Gabi,2007-12-01,3.5714285714285716
Mon Ami Gabi,2011-05-01,4.22
Mon Ami Gabi,2017-04-01,3.9574468085106385
Mon Ami Gabi,2011-01-01,4.096774193548387
Mon Ami Gabi,2006-01-01,4.5
Mon Ami Gabi,2013-07-01,4.204819277108434
Mon Ami Gabi,2008-06-01,3.5555555555555554
Mon Ami Gabi,2011-06-01,4.140625
Mon Ami Gabi,2008-03-01,4.3076923076923075
Mon Ami Gabi,2007-01-01,4.333333333333333
Mon Ami Gabi,2014-08-01,4.19
Mon Ami Gabi,2012-07-01,4.3164556962025316
Mon Ami Gabi,2017-09-01,4.188888888888889
Mon Ami Gabi,2009-03-01,4.230769230769231
Mon Ami Gabi,2017-03-01,4.197368421052632
Mon Ami Gabi,2010-03-01,3.923076923076923
Mon Ami Gabi,2008-07-01,3.8181818181818183
Mon Ami Gabi,2010-06-01,3.9310344827586206
Mon Ami Gabi,2010-11-01,4.15
Mon Ami Gabi,2008-05-01,4.375
Mon Ami Gabi,2013-04-01,4.123076923076923
Mon Ami Gabi,2015-10-01,4.3052631578947365
Mon Ami Gabi,2018-02-01,4.032608695652174
Mon Ami Gabi,2011-11-01,4.122448979591836
Mon Ami Gabi,2008-02-01,3.8333333333333335
Mon Ami Gabi,2006-08-01,4.5
Mon Ami Gabi,2010-01-01,4.333333333333333
Mon Ami Gabi,2018-05-01,4.0495049504950495
Mon Ami Gabi,2017-11-01,4.2073170731707314
Mon Ami Gabi,2010-08-01,4.166666666666667
Mon Ami Gabi,2005-10-01,5.0
Mon Ami Gabi,2018-03-01,4.254716981132075
Mon Ami Gabi,2008-11-01,4.25
Mon Ami Gabi,2012-12-01,3.95
Mon Ami Gabi,2017-12-01,4.134328358208955
Mon Ami Gabi,2015-04-01,4.021052631578947
Mon Ami Gabi,2011-08-01,4.373134328358209
Mon Ami Gabi,2007-11-01,4.0
Mon Ami Gabi,2018-06-01,4.322916666666667
Mon Ami Gabi,2012-01-01,3.927536231884058
Mon Ami Gabi,2009-05-01,3.7
Mon Ami Gabi,2009-11-01,3.8333333333333335
Mon Ami Gabi,2013-06-01,4.220183486238532
Mon Ami Gabi,2014-09-01,4.154639175257732
Mon Ami Gabi,2015-09-01,4.303370786516854
Mon Ami Gabi,2013-02-01,4.215189873417722
Mon Ami Gabi,2018-07-01,4.285714285714286
Mon Ami Gabi,2009-01-01,4.277777777777778
Mon Ami Gabi,2007-02-01,4.666666666666667
Mon Ami Gabi,2014-02-01,4.130434782608695
Mon Ami Gabi,2008-04-01,4.0
Mon Ami Gabi,2015-03-01,3.9724770642201834
Mon Ami Gabi,2007-04-01,4.2
Mon Ami Gabi,2006-07-01,5.0
Mon Ami Gabi,2011-03-01,3.980769230769231
Mon Ami Gabi,2016-01-01,4.287128712871287
Mon Ami Gabi,2016-10-01,3.8656716417910446
Mon Ami Gabi,2016-06-01,3.8351648351648353
Mon Ami Gabi,2006-12-01,5.0
Mon Ami Gabi,2017-07-01,4.139784946236559
Mon Ami Gabi,2015-08-01,4.206521739130435
Mon Ami Gabi,2008-01-01,4.3076923076923075
Mon Ami Gabi,2018-01-01,4.209876543209877
Mon Ami Gabi,2007-07-01,3.875
Mon Ami Gabi,2009-12-01,4.0
Mon Ami Gabi,2017-08-01,4.148936170212766
Mon Ami Gabi,2017-10-01,4.2023809523809526
Mon Ami Gabi,2007-06-01,4.6
Mon Ami Gabi,2012-02-01,4.196428571428571
Mon Ami Gabi,2012-11-01,4.014925373134329
Mon Ami Gabi,2010-07-01,4.166666666666667
Mon Ami Gabi,2009-06-01,4.571428571428571
Mon Ami Gabi,2011-07-01,4.2894736842105265
Mon Ami Gabi,2008-08-01,3.75
Mon Ami Gabi,2008-09-01,3.6
Mon Ami Gabi,2016-02-01,4.056818181818182
Mon Ami Gabi,2017-05-01,4.068493150684931
Mon Ami Gabi,2013-05-01,4.080459770114943
Mon Ami Gabi,2005-12-01,4.0
Mon Ami Gabi,2015-06-01,4.26
Mon Ami Gabi,2012-03-01,3.970149253731343
Mon Ami Gabi,2011-12-01,4.0
Mon Ami Gabi,2010-10-01,4.0588235294117645
Mon Ami Gabi,2010-02-01,3.7
Mon Ami Gabi,2016-07-01,4.282051282051282
Mon Ami Gabi,2013-08-01,4.273584905660377
Mon Ami Gabi,2017-02-01,4.128571428571429
Mon Ami Gabi,2009-09-01,3.923076923076923
Mon Ami Gabi,2006-09-01,3.6666666666666665
Mon Ami Gabi,2008-12-01,4.0
Mon Ami Gabi,2016-09-01,4.065573770491803
Mon Ami Gabi,2016-04-01,4.052631578947368
Mon Ami Gabi,2007-05-01,3.25
Mon Ami Gabi,2010-05-01,4.074074074074074
Mon Ami Gabi,2015-01-01,4.014084507042254
Mon Ami Gabi,2013-10-01,4.156626506024097
Mon Ami Gabi,2016-05-01,4.059523809523809
Mon Ami Gabi,2015-07-01,4.009174311926605
Mon Ami Gabi,2014-07-01,4.028301886792453
Mon Ami Gabi,2013-09-01,4.087378640776699
Mon Ami Gabi,2013-01-01,3.9857142857142858
Mon Ami Gabi,2010-09-01,3.71875
Mon Ami Gabi,2015-12-01,4.031578947368421
Mon Ami Gabi,2017-01-01,4.21875
Mon Ami Gabi,2007-10-01,4.5
Mon Ami Gabi,2011-02-01,3.871794871794872
Mon Ami Gabi,2007-08-01,4.555555555555555
Mon Ami Gabi,2006-10-01,4.0
Mon Ami Gabi,2014-10-01,4.095890410958904
Mon Ami Gabi,2008-10-01,3.875
Mon Ami Gabi,2017-06-01,4.283950617283951
Mon Ami Gabi,2007-03-01,4.0
Mon Ami Gabi,2013-12-01,4.182926829268292
Mon Ami Gabi,2009-07-01,4.052631578947368
Bacchanal Buffet,2013-10-01,3.9577464788732395
Bacchanal Buffet,2017-06-01,3.6710526315789473
Bacchanal Buffet,2014-09-01,3.514851485148515
Bacchanal Buffet,2013-04-01,4.0602409638554215
Bacchanal Buffet,2013-12-01,3.5267857142857144
Bacchanal Buffet,2014-04-01,3.9368421052631577
Bacchanal Buffet,2018-02-01,3.6869565217391305
Bacchanal Buffet,2013-03-01,4.0519480519480515
Bacchanal Buffet,2017-04-01,3.647798742138365
Bacchanal Buffet,2014-05-01,3.9625
Bacchanal Buffet,2016-03-01,3.936
Bacchanal Buffet,2017-02-01,3.380281690140845
Bacchanal Buffet,2018-05-01,3.735042735042735
Bacchanal Buffet,2015-04-01,3.9262295081967213
Bacchanal Buffet,2015-11-01,3.4242424242424243
Bacchanal Buffet,2016-08-01,3.628099173553719
Bacchanal Buffet,2016-04-01,3.7457627118644066
Bacchanal Buffet,2016-10-01,3.3908045977011496
Bacchanal Buffet,2013-09-01,3.9690721649484537
Bacchanal Buffet,2017-03-01,3.6964285714285716
Bacchanal Buffet,2014-06-01,3.953488372093023
Bacchanal Buffet,2013-01-01,3.5428571428571427
Bacchanal Buffet,2015-09-01,3.8508771929824563
Bacchanal Buffet,2014-02-01,3.9909090909090907
Bacchanal Buffet,2017-07-01,3.698717948717949
Bacchanal Buffet,2015-07-01,3.9657534246575343
Bacchanal Buffet,2017-12-01,3.5617283950617282
Bacchanal Buffet,2018-06-01,3.578125
Bacchanal Buffet,2014-03-01,3.797979797979798
Bacchanal Buffet,2017-09-01,3.9140625
Bacchanal Buffet,2014-01-01,4.008928571428571
Bacchanal Buffet,2016-09-01,3.5813953488372094
Bacchanal Buffet,2016-05-01,3.670103092783505
Bacchanal Buffet,2014-10-01,3.731958762886598
Bacchanal Buffet,2013-06-01,3.991228070175439
Bacchanal Buffet,2016-02-01,3.704761904761905
Bacchanal Buffet,2015-03-01,4.147058823529412
Bacchanal Buffet,2014-08-01,3.754385964912281
Bacchanal Buffet,2018-03-01,3.813008130081301
Bacchanal Buffet,2016-07-01,3.3
Bacchanal Buffet,2016-11-01,3.6559139784946235
Bacchanal Buffet,2012-09-01,4.36
Bacchanal Buffet,2018-01-01,3.7404580152671754
Bacchanal Buffet,2015-06-01,3.9285714285714284
Bacchanal Buffet,2014-07-01,3.8492063492063493
Bacchanal Buffet,2017-01-01,3.5384615384615383
Bacchanal Buffet,2018-04-01,3.8849557522123894
Bacchanal Buffet,2013-11-01,4.166666666666667
Bacchanal Buffet,2015-10-01,4.078431372549019
Bacchanal Buffet,2017-08-01,3.617283950617284
Bacchanal Buffet,2015-12-01,3.4411764705882355
Bacchanal Buffet,2016-12-01,3.175438596491228
Bacchanal Buffet,2012-12-01,3.3738317757009346
Bacchanal Buffet,2016-01-01,3.6363636363636362
Bacchanal Buffet,2015-02-01,3.8095238095238093
Bacchanal Buffet,2015-05-01,4.056179775280899
Bacchanal Buffet,2012-10-01,4.009009009009009
Bacchanal Buffet,2013-07-01,3.894230769230769
Bacchanal Buffet,2018-07-01,3.6666666666666665
Bacchanal Buffet,2014-12-01,3.436619718309859
Bacchanal Buffet,2015-08-01,4.086956521739131
Bacchanal Buffet,2017-05-01,3.5596330275229358
Bacchanal Buffet,2016-06-01,3.704
Bacchanal Buffet,2017-10-01,3.8849557522123894
Bacchanal Buffet,2013-08-01,4.16
Bacchanal Buffet,2012-11-01,3.904255319148936
Bacchanal Buffet,2014-11-01,3.6565656565656566
Bacchanal Buffet,2017-11-01,3.7927927927927927
Bacchanal Buffet,2015-01-01,3.629032258064516
Bacchanal Buffet,2013-02-01,3.9876543209876543
Bacchanal Buffet,2013-05-01,3.7625
Buffalo Wild Wings,2011-04-01,3.076923076923077
Buffalo Wild Wings,2007-07-01,3.3333333333333335
Buffalo Wild Wings,2014-08-01,2.941860465116279
Buffalo Wild Wings,2012-08-01,3.111111111111111
Buffalo Wild Wings,2017-02-01,2.5145631067961167
Buffalo Wild Wings,2015-03-01,2.9347826086956523
Buffalo Wild Wings,2011-10-01,3.2
Buffalo Wild Wings,2013-05-01,3.25
Buffalo Wild Wings,2007-01-01,4.0
Buffalo Wild Wings,2011-08-01,3.0697674418604652
Buffalo Wild Wings,2006-07-01,4.0
Buffalo Wild Wings,2012-06-01,3.0
Buffalo Wild Wings,2009-09-01,3.75
Buffalo Wild Wings,2017-07-01,2.40625
Buffalo Wild Wings,2017-05-01,2.46218487394958
Buffalo Wild Wings,2015-10-01,2.430894308943089
Buffalo Wild Wings,2013-04-01,2.7666666666666666
Buffalo Wild Wings,2010-09-01,2.772727272727273
Buffalo Wild Wings,2015-04-01,2.5520833333333335
Buffalo Wild Wings,2014-04-01,2.869565217391304
Buffalo Wild Wings,2013-03-01,2.953488372093023
Buffalo Wild Wings,2011-05-01,3.0526315789473686
Buffalo Wild Wings,2014-10-01,2.3134328358208953
Buffalo Wild Wings,2014-03-01,2.6885245901639343
Buffalo Wild Wings,2010-11-01,2.7777777777777777
Buffalo Wild Wings,2012-05-01,3.32
Buffalo Wild Wings,2010-04-01,3.2222222222222223
Buffalo Wild Wings,2007-02-01,4.5
Buffalo Wild Wings,2015-06-01,2.6707317073170733
Buffalo Wild Wings,2010-01-01,3.0952380952380953
Buffalo Wild Wings,2018-05-01,2.6206896551724137
Buffalo Wild Wings,2016-08-01,2.4297520661157024
Buffalo Wild Wings,2013-07-01,2.7142857142857144
Buffalo Wild Wings,2014-09-01,3.037037037037037
Buffalo Wild Wings,2018-01-01,2.6422018348623855
Buffalo Wild Wings,2010-10-01,3.4
Buffalo Wild Wings,2007-04-01,1.0
Buffalo Wild Wings,2010-05-01,3.5714285714285716
Buffalo Wild Wings,2007-06-01,3.5
Buffalo Wild Wings,2007-03-01,4.0
Buffalo Wild Wings,2010-08-01,3.5
Buffalo Wild Wings,2008-12-01,2.8
Buffalo Wild Wings,2009-06-01,3.4
Buffalo Wild Wings,2014-05-01,2.92
Buffalo Wild Wings,2012-04-01,3.3
Buffalo Wild Wings,2009-12-01,3.4545454545454546
Buffalo Wild Wings,2009-11-01,3.4285714285714284
Buffalo Wild Wings,2015-08-01,2.697247706422018
Buffalo Wild Wings,2016-07-01,2.5688073394495414
Buffalo Wild Wings,2015-09-01,2.801980198019802
Buffalo Wild Wings,2007-09-01,3.6666666666666665
Buffalo Wild Wings,2013-11-01,2.86046511627907
Buffalo Wild Wings,2011-07-01,3.5483870967741935
Buffalo Wild Wings,2014-07-01,2.91
Buffalo Wild Wings,2015-05-01,2.784090909090909
Buffalo Wild Wings,2009-02-01,2.75
Buffalo Wild Wings,2008-02-01,5.0
Buffalo Wild Wings,2014-12-01,2.5301204819277108
Buffalo Wild Wings,2010-07-01,3.823529411764706
Buffalo Wild Wings,2008-11-01,3.0
Buffalo Wild Wings,2007-10-01,5.0
Buffalo Wild Wings,2017-01-01,2.757575757575758
Buffalo Wild Wings,2012-10-01,3.111111111111111
Buffalo Wild Wings,2007-08-01,3.6666666666666665
Buffalo Wild Wings,2016-09-01,2.561224489795918
Buffalo Wild Wings,2011-11-01,3.111111111111111
Buffalo Wild Wings,2013-08-01,3.111111111111111
Buffalo Wild Wings,2015-02-01,2.75
Buffalo Wild Wings,2014-11-01,2.77027027027027
Buffalo Wild Wings,2007-11-01,4.0
Buffalo Wild Wings,2016-03-01,2.607142857142857
Buffalo Wild Wings,2011-12-01,3.076923076923077
Buffalo Wild Wings,2014-02-01,2.9655172413793105
Buffalo Wild Wings,2010-06-01,3.4444444444444446
Buffalo Wild Wings,2016-11-01,2.3780487804878048
Buffalo Wild Wings,2012-02-01,3.380952380952381
Buffalo Wild Wings,2017-06-01,2.4661016949152543
Buffalo Wild Wings,2009-01-01,3.625
Buffalo Wild Wings,2016-02-01,2.5520833333333335
Buffalo Wild Wings,2009-04-01,4.75
Buffalo Wild Wings,2011-03-01,3.2
Buffalo Wild Wings,2009-08-01,2.857142857142857
Buffalo Wild Wings,2017-12-01,2.797872340425532
Buffalo Wild Wings,2012-09-01,2.763157894736842
Buffalo Wild Wings,2013-09-01,2.5483870967741935
Buffalo Wild Wings,2010-03-01,3.888888888888889
Buffalo Wild Wings,2017-04-01,2.491228070175439
Buffalo Wild Wings,2018-03-01,2.549019607843137
Buffalo Wild Wings,2013-06-01,3.4324324324324325
Buffalo Wild Wings,2008-03-01,3.3333333333333335
Buffalo Wild Wings,2016-10-01,2.364406779661017
Buffalo Wild Wings,2013-01-01,3.2142857142857144
Buffalo Wild Wings,2015-01-01,2.7945205479452055
Buffalo Wild Wings,2015-11-01,2.8962264150943398
Buffalo Wild Wings,2009-07-01,3.875
Buffalo Wild Wings,2012-11-01,3.0689655172413794
Buffalo Wild Wings,2018-04-01,2.4130434782608696
Buffalo Wild Wings,2014-01-01,3.157142857142857
Buffalo Wild Wings,2012-03-01,3.3157894736842106
Buffalo Wild Wings,2016-06-01,2.4491525423728815
Buffalo Wild Wings,2012-01-01,2.88
Buffalo Wild Wings,2009-05-01,2.25
Buffalo Wild Wings,2008-06-01,5.0
Buffalo Wild Wings,2014-06-01,2.7951807228915664
Buffalo Wild Wings,2016-04-01,2.4491525423728815
Buffalo Wild Wings,2017-08-01,2.5294117647058822
Buffalo Wild Wings,2010-12-01,3.0
Buffalo Wild Wings,2011-06-01,3.161290322580645
Buffalo Wild Wings,2013-02-01,3.3142857142857145
Buffalo Wild Wings,2018-07-01,3.0
Buffalo Wild Wings,2011-02-01,3.0588235294117645
Buffalo Wild Wings,2007-12-01,5.0
Buffalo Wild Wings,2008-07-01,3.3333333333333335
Buffalo Wild Wings,2016-12-01,2.617021276595745
Buffalo Wild Wings,2008-09-01,2.6666666666666665
Buffalo Wild Wings,2018-02-01,2.3333333333333335
Buffalo Wild Wings,2010-02-01,2.75
Buffalo Wild Wings,2015-07-01,2.845360824742268
Buffalo Wild Wings,2012-07-01,2.5714285714285716
Buffalo Wild Wings,2017-10-01,2.814814814814815
Buffalo Wild Wings,2017-03-01,2.7176470588235295
Buffalo Wild Wings,2018-06-01,2.369047619047619
Buffalo Wild Wings,2016-01-01,2.8548387096774195
Buffalo Wild Wings,2012-12-01,2.810810810810811
Buffalo Wild Wings,2013-10-01,2.9183673469387754
Buffalo Wild Wings,2007-05-01,4.0
Buffalo Wild Wings,2017-09-01,2.4615384615384617
Buffalo Wild Wings,2016-05-01,2.5288461538461537
Buffalo Wild Wings,2008-01-01,3.75
Buffalo Wild Wings,2011-01-01,2.9444444444444446
Buffalo Wild Wings,2009-10-01,3.25
Buffalo Wild Wings,2008-04-01,4.0
Buffalo Wild Wings,2017-11-01,2.5925925925925926
Buffalo Wild Wings,2008-08-01,3.6666666666666665
Buffalo Wild Wings,2008-10-01,3.4285714285714284
Buffalo Wild Wings,2009-03-01,3.625
Buffalo Wild Wings,2015-12-01,2.378640776699029
Buffalo Wild Wings,2013-12-01,2.7719298245614037
Buffalo Wild Wings,2011-09-01,3.4827586206896552
Buffalo Wild Wings,2006-10-01,4.0
Wicked Spoon,2011-11-01,3.6463414634146343
Wicked Spoon,2017-05-01,3.485294117647059
Wicked Spoon,2015-04-01,4.013888888888889
Wicked Spoon,2012-01-01,3.439655172413793
Wicked Spoon,2018-01-01,3.493333333333333
Wicked Spoon,2017-06-01,3.632183908045977
Wicked Spoon,2015-05-01,3.71875
Wicked Spoon,2013-09-01,3.703125
Wicked Spoon,2011-06-01,3.875
Wicked Spoon,2017-04-01,3.5
Wicked Spoon,2015-10-01,3.5813953488372094
Wicked Spoon,2011-12-01,3.4752475247524752
Wicked Spoon,2014-11-01,3.7285714285714286
Wicked Spoon,2012-03-01,3.6184210526315788
Wicked Spoon,2018-02-01,3.9183673469387754
Wicked Spoon,2013-10-01,3.7681159420289854
Wicked Spoon,2015-08-01,3.8205128205128207
Wicked Spoon,2017-07-01,3.4
Wicked Spoon,2011-10-01,3.6133333333333333
Wicked Spoon,2013-11-01,3.453125
Wicked Spoon,2017-03-01,4.083333333333333
Wicked Spoon,2011-02-01,3.938775510204082
Wicked Spoon,2010-12-01,3.8260869565217392
Wicked Spoon,2014-05-01,3.72972972972973
Wicked Spoon,2012-06-01,3.9318181818181817
Wicked Spoon,2012-12-01,3.6794871794871793
Wicked Spoon,2014-07-01,3.2745098039215685
Wicked Spoon,2013-01-01,3.8375
Wicked Spoon,2014-03-01,3.7714285714285714
Wicked Spoon,2016-03-01,3.4347826086956523
Wicked Spoon,2016-10-01,3.6341463414634148
Wicked Spoon,2014-06-01,3.5842696629213484
Wicked Spoon,2018-04-01,3.863157894736842
Wicked Spoon,2014-02-01,3.4594594594594597
Wicked Spoon,2017-11-01,3.3055555555555554
Wicked Spoon,2011-04-01,4.258064516129032
Wicked Spoon,2015-02-01,3.6774193548387095
Wicked Spoon,2013-12-01,3.510204081632653
Wicked Spoon,2013-02-01,3.943396226415094
Wicked Spoon,2017-08-01,3.5135135135135136
Wicked Spoon,2012-11-01,3.6166666666666667
Wicked Spoon,2013-06-01,4.012658227848101
Wicked Spoon,2013-07-01,3.7564102564102564
Wicked Spoon,2016-01-01,3.681159420289855
Wicked Spoon,2013-03-01,4.135593220338983
Wicked Spoon,2014-08-01,3.2650602409638556
Wicked Spoon,2012-02-01,3.6133333333333333
Wicked Spoon,2012-04-01,3.725806451612903
Wicked Spoon,2011-09-01,3.9855072463768115
Wicked Spoon,2014-01-01,3.5657894736842106
Wicked Spoon,2015-09-01,4.2
Wicked Spoon,2018-03-01,3.4831460674157304
Wicked Spoon,2017-12-01,2.9722222222222223
Wicked Spoon,2011-07-01,4.00990099009901
Wicked Spoon,2014-12-01,3.3055555555555554
Wicked Spoon,2016-04-01,3.577777777777778
Wicked Spoon,2017-01-01,3.8541666666666665
Wicked Spoon,2013-05-01,3.6865671641791047
Wicked Spoon,2011-01-01,3.8771929824561404
Wicked Spoon,2017-09-01,3.558139534883721
Wicked Spoon,2016-05-01,3.9038461538461537
Wicked Spoon,2015-07-01,3.581081081081081
Wicked Spoon,2011-05-01,4.01123595505618
Wicked Spoon,2016-12-01,3.3947368421052633
Wicked Spoon,2018-07-01,2.8333333333333335
Wicked Spoon,2016-11-01,3.639344262295082
Wicked Spoon,2018-06-01,3.6666666666666665
Wicked Spoon,2012-10-01,4.121212121212121
Wicked Spoon,2015-01-01,3.486111111111111
Wicked Spoon,2012-07-01,3.8850574712643677
Wicked Spoon,2017-02-01,3.511111111111111
Wicked Spoon,2018-05-01,3.573529411764706
Wicked Spoon,2015-11-01,3.878787878787879
Wicked Spoon,2012-08-01,3.74
Wicked Spoon,2016-08-01,3.5789473684210527
Wicked Spoon,2014-10-01,3.661290322580645
Wicked Spoon,2013-08-01,3.7857142857142856
Wicked Spoon,2012-09-01,4.056338028169014
Wicked Spoon,2012-05-01,3.7419354838709675
Wicked Spoon,2015-06-01,3.8266666666666667
Wicked Spoon,2017-10-01,3.774193548387097
Wicked Spoon,2013-04-01,3.787878787878788
Wicked Spoon,2016-02-01,3.78125
Wicked Spoon,2015-03-01,3.716417910447761
Wicked Spoon,2016-06-01,4.028985507246377
Wicked Spoon,2015-12-01,3.211267605633803
Wicked Spoon,2014-04-01,3.7435897435897436
Wicked Spoon,2014-09-01,3.4507042253521125
Wicked Spoon,2016-09-01,3.8333333333333335
Wicked Spoon,2011-03-01,4.015151515151516
Wicked Spoon,2016-07-01,3.757142857142857
Wicked Spoon,2011-08-01,3.7422680412371134
In-N-Out Burger,2016-09-01,3.8507462686567164
In-N-Out Burger,2006-07-01,5.0
In-N-Out Burger,2016-01-01,4.042857142857143
In-N-Out Burger,2008-10-01,3.3333333333333335
In-N-Out Burger,2014-12-01,4.101449275362318
In-N-Out Burger,2014-11-01,4.214285714285714
In-N-Out Burger,2010-03-01,3.909090909090909
In-N-Out Burger,2010-04-01,4.24
In-N-Out Burger,2013-10-01,4.225
In-N-Out Burger,2018-03-01,4.008
In-N-Out Burger,2009-05-01,4.1875
In-N-Out Burger,2009-12-01,4.235294117647059
In-N-Out Burger,2008-07-01,4.428571428571429
In-N-Out Burger,2010-07-01,3.909090909090909
In-N-Out Burger,2010-01-01,3.9523809523809526
In-N-Out Burger,2014-06-01,4.274193548387097
In-N-Out Burger,2017-05-01,4.188235294117647
In-N-Out Burger,2009-08-01,4.666666666666667
In-N-Out Burger,2012-11-01,4.266666666666667
In-N-Out Burger,2012-12-01,4.09375
In-N-Out Burger,2012-07-01,4.2682926829268295
In-N-Out Burger,2012-03-01,4.309523809523809
In-N-Out Burger,2011-02-01,4.216216216216216
In-N-Out Burger,2018-01-01,3.8632478632478633
In-N-Out Burger,2015-02-01,4.211267605633803
In-N-Out Burger,2015-05-01,4.329411764705882
In-N-Out Burger,2012-06-01,4.23404255319149
In-N-Out Burger,2016-11-01,4.290909090909091
In-N-Out Burger,2007-10-01,4.666666666666667
In-N-Out Burger,2016-08-01,4.117647058823529
In-N-Out Burger,2007-06-01,4.4
In-N-Out Burger,2015-01-01,4.16
In-N-Out Burger,2008-11-01,4.0
In-N-Out Burger,2013-06-01,4.0227272727272725
In-N-Out Burger,2010-08-01,4.09375
In-N-Out Burger,2007-04-01,4.666666666666667
In-N-Out Burger,2013-08-01,4.0
In-N-Out Burger,2007-03-01,4.5
In-N-Out Burger,2016-07-01,3.9466666666666668
In-N-Out Burger,2013-09-01,4.076923076923077
In-N-Out Burger,2010-10-01,4.08
In-N-Out Burger,2015-04-01,4.127906976744186
In-N-Out Burger,2010-06-01,4.5
In-N-Out Burger,2015-07-01,4.197530864197531
In-N-Out Burger,2009-11-01,4.2
In-N-Out Burger,2007-01-01,4.5
In-N-Out Burger,2017-08-01,4.096385542168675
In-N-Out Burger,2017-04-01,4.102362204724409
In-N-Out Burger,2017-06-01,3.7450980392156863
In-N-Out Burger,2007-02-01,4.142857142857143
In-N-Out Burger,2008-02-01,4.428571428571429
In-N-Out Burger,2009-04-01,4.111111111111111
In-N-Out Burger,2013-07-01,3.9166666666666665
In-N-Out Burger,2017-01-01,4.111111111111111
In-N-Out Burger,2012-02-01,4.0
In-N-Out Burger,2012-10-01,4.333333333333333
In-N-Out Burger,2017-12-01,3.889908256880734
In-N-Out Burger,2013-02-01,4.108108108108108
In-N-Out Burger,2010-09-01,4.384615384615385
In-N-Out Burger,2008-08-01,4.363636363636363
In-N-Out Burger,2007-09-01,4.666666666666667
In-N-Out Burger,2013-12-01,4.357142857142857
In-N-Out Burger,2017-10-01,4.055555555555555
In-N-Out Burger,2011-07-01,4.219512195121951
In-N-Out Burger,2009-06-01,4.3076923076923075
In-N-Out Burger,2014-04-01,4.254545454545455
In-N-Out Burger,2017-02-01,4.188118811881188
In-N-Out Burger,2010-12-01,4.363636363636363
In-N-Out Burger,2011-10-01,4.1875
In-N-Out Burger,2013-11-01,4.1
In-N-Out Burger,2014-02-01,4.090909090909091
In-N-Out Burger,2007-12-01,4.571428571428571
In-N-Out Burger,2018-02-01,3.9864864864864864
In-N-Out Burger,2016-02-01,4.106060606060606
In-N-Out Burger,2013-03-01,4.208333333333333
In-N-Out Burger,2015-03-01,4.220588235294118
In-N-Out Burger,2014-05-01,4.301587301587301
In-N-Out Burger,2008-06-01,4.181818181818182
In-N-Out Burger,2015-06-01,4.2073170731707314
In-N-Out Burger,2015-12-01,4.333333333333333
In-N-Out Burger,2012-05-01,4.357142857142857
In-N-Out Burger,2010-05-01,3.8333333333333335
In-N-Out Burger,2009-09-01,4.454545454545454
In-N-Out Burger,2008-04-01,4.166666666666667
In-N-Out Burger,2013-04-01,4.2439024390243905
In-N-Out Burger,2008-05-01,4.0
In-N-Out Burger,2013-05-01,3.948717948717949
In-N-Out Burger,2007-05-01,4.5
In-N-Out Burger,2010-02-01,4.0
In-N-Out Burger,2012-08-01,3.8974358974358974
In-N-Out Burger,2008-01-01,4.0
In-N-Out Burger,2009-07-01,4.260869565217392
In-N-Out Burger,2018-06-01,4.129770992366412
In-N-Out Burger,2018-05-01,3.9901960784313726
In-N-Out Burger,2016-04-01,4.176470588235294
In-N-Out Burger,2015-11-01,4.013888888888889
In-N-Out Burger,2013-01-01,4.065217391304348
In-N-Out Burger,2008-03-01,4.5
In-N-Out Burger,2018-04-01,4.019417475728155
In-N-Out Burger,2015-09-01,3.985294117647059
In-N-Out Burger,2008-12-01,4.555555555555555
In-N-Out Burger,2011-01-01,3.878787878787879
In-N-Out Burger,2017-07-01,3.9186991869918697
In-N-Out Burger,2009-02-01,5.0
In-N-Out Burger,2016-05-01,4.04054054054054
In-N-Out Burger,2016-06-01,4.0
In-N-Out Burger,2009-03-01,4.153846153846154
In-N-Out Burger,2016-03-01,3.857142857142857
In-N-Out Burger,2015-08-01,4.227848101265823
In-N-Out Burger,2006-05-01,5.0
In-N-Out Burger,2007-11-01,4.5
In-N-Out Burger,2009-10-01,4.238095238095238
In-N-Out Burger,2011-06-01,4.019607843137255
In-N-Out Burger,2017-11-01,3.858490566037736
In-N-Out Burger,2007-07-01,5.0
In-N-Out Burger,2011-08-01,4.055555555555555
In-N-Out Burger,2017-09-01,4.029126213592233
In-N-Out Burger,2016-12-01,4.08
In-N-Out Burger,2011-11-01,4.354838709677419
In-N-Out Burger,2014-03-01,4.333333333333333
In-N-Out Burger,2011-05-01,3.973684210526316
In-N-Out Burger,2008-09-01,3.764705882352941
In-N-Out Burger,2016-10-01,3.8840579710144927
In-N-Out Burger,2011-12-01,4.354838709677419
In-N-Out Burger,2012-09-01,3.7941176470588234
In-N-Out Burger,2012-01-01,4.230769230769231
In-N-Out Burger,2007-08-01,5.0
In-N-Out Burger,2015-10-01,4.45679012345679
In-N-Out Burger,2017-03-01,4.186813186813187
In-N-Out Burger,2014-10-01,4.092592592592593
In-N-Out Burger,2018-07-01,4.166666666666667
In-N-Out Burger,2011-04-01,4.275
In-N-Out Burger,2014-08-01,4.243243243243243
In-N-Out Burger,2011-03-01,4.232558139534884
In-N-Out Burger,2012-04-01,4.0606060606060606
In-N-Out Burger,2010-11-01,4.304347826086956
In-N-Out Burger,2014-07-01,4.014925373134329
In-N-Out Burger,2014-09-01,4.25
In-N-Out Burger,2011-09-01,4.035714285714286
In-N-Out Burger,2014-01-01,4.122448979591836
In-N-Out Burger,2009-01-01,3.857142857142857
In-N-Out Burger,2006-09-01,5.0
Panera Bread,2017-08-01,2.4789915966386555
Panera Bread,2011-12-01,3.230769230769231
Panera Bread,2010-06-01,3.3333333333333335
Panera Bread,2009-01-01,3.25
Panera Bread,2011-03-01,3.2857142857142856
Panera Bread,2014-09-01,3.0943396226415096
Panera Bread,2012-09-01,3.85
Panera Bread,2008-02-01,4.0
Panera Bread,2012-03-01,3.5714285714285716
Panera Bread,2011-04-01,3.2222222222222223
Panera Bread,2010-11-01,2.6666666666666665
Panera Bread,2013-11-01,3.0
Panera Bread,2009-04-01,3.5
Panera Bread,2014-11-01,2.737704918032787
Panera Bread,2014-03-01,2.978723404255319
Panera Bread,2017-12-01,2.2794117647058822
Panera Bread,2009-03-01,2.75
Panera Bread,2014-12-01,3.0166666666666666
Panera Bread,2013-08-01,3.111111111111111
Panera Bread,2010-05-01,4.5
Panera Bread,2009-07-01,4.5
Panera Bread,2012-01-01,3.2857142857142856
Panera Bread,2007-02-01,4.0
Panera Bread,2007-07-01,3.0
Panera Bread,2013-01-01,3.4285714285714284
Panera Bread,2008-10-01,4.0
Panera Bread,2012-05-01,3.736842105263158
Panera Bread,2015-09-01,2.9295774647887325
Panera Bread,2009-10-01,3.0
Panera Bread,2018-02-01,2.385135135135135
Panera Bread,2015-08-01,3.0422535211267605
Panera Bread,2018-06-01,2.6774193548387095
Panera Bread,2015-04-01,2.707692307692308
Panera Bread,2010-01-01,3.0
Panera Bread,2008-06-01,4.5
Panera Bread,2008-11-01,3.4444444444444446
Panera Bread,2014-04-01,2.757575757575758
Panera Bread,2015-11-01,2.5072463768115942
Panera Bread,2012-04-01,3.0588235294117645
Panera Bread,2015-10-01,2.9390243902439024
Panera Bread,2006-06-01,5.0
Panera Bread,2013-04-01,3.2580645161290325
Panera Bread,2018-05-01,2.625
Panera Bread,2008-04-01,1.0
Panera Bread,2016-02-01,2.5232558139534884
Panera Bread,2017-03-01,2.5161290322580645
Panera Bread,2016-05-01,2.8863636363636362
Panera Bread,2007-06-01,4.0
Panera Bread,2015-07-01,2.6417910447761193
Panera Bread,2011-07-01,4.0
Panera Bread,2012-07-01,3.473684210526316
Panera Bread,2011-09-01,3.7857142857142856
Panera Bread,2014-05-01,2.671875
Panera Bread,2017-02-01,2.44954128440367
Panera Bread,2006-02-01,3.0
Panera Bread,2010-12-01,3.7
Panera Bread,2008-09-01,3.6666666666666665
Panera Bread,2013-09-01,2.813953488372093
Panera Bread,2014-01-01,3.4107142857142856
Panera Bread,2012-06-01,3.6153846153846154
Panera Bread,2015-06-01,3.1265822784810124
Panera Bread,2013-12-01,3.3333333333333335
Panera Bread,2010-04-01,3.6666666666666665
Panera Bread,2016-10-01,2.660377358490566
Panera Bread,2016-07-01,2.623529411764706
Panera Bread,2016-01-01,2.663551401869159
Panera Bread,2016-11-01,2.53125
Panera Bread,2006-01-01,5.0
Panera Bread,2013-07-01,3.090909090909091
Panera Bread,2006-04-01,2.5
Panera Bread,2017-10-01,2.4774774774774775
Panera Bread,2015-02-01,3.04
Panera Bread,2008-01-01,4.0
Panera Bread,2006-11-01,4.0
Panera Bread,2017-01-01,2.5272727272727273
Panera Bread,2010-07-01,3.375
Panera Bread,2008-05-01,3.6666666666666665
Panera Bread,2010-09-01,3.875
Panera Bread,2012-08-01,3.5416666666666665
Panera Bread,2008-08-01,3.4285714285714284
Panera Bread,2009-11-01,2.5
Panera Bread,2007-03-01,4.0
Panera Bread,2012-10-01,3.0952380952380953
Panera Bread,2010-10-01,3.769230769230769
Panera Bread,2017-05-01,2.7704918032786887
Panera Bread,2013-02-01,3.6
Panera Bread,2010-02-01,3.3333333333333335
Panera Bread,2017-07-01,2.8086956521739133
Panera Bread,2012-02-01,3.2941176470588234
Panera Bread,2015-01-01,3.08955223880597
Panera Bread,2009-12-01,3.2
Panera Bread,2014-07-01,3.185185185185185
Panera Bread,2012-12-01,3.257142857142857
Panera Bread,2011-08-01,3.7857142857142856
Panera Bread,2009-08-01,3.75
Panera Bread,2015-12-01,2.781609195402299
Panera Bread,2009-09-01,4.0
Panera Bread,2011-01-01,3.642857142857143
Panera Bread,2016-03-01,2.8354430379746836
Panera Bread,2013-06-01,3.7586206896551726
Panera Bread,2008-07-01,3.0
Panera Bread,2016-08-01,3.1025641025641026
Panera Bread,2017-06-01,2.8095238095238093
Panera Bread,2014-06-01,3.0847457627118646
Panera Bread,2015-05-01,3.018181818181818
Panera Bread,2018-07-01,2.6
Panera Bread,2009-05-01,4.0
Panera Bread,2018-03-01,2.4825581395348837
Panera Bread,2013-05-01,3.5625
Panera Bread,2010-03-01,3.3333333333333335
Panera Bread,2012-11-01,3.772727272727273
Panera Bread,2011-10-01,3.607142857142857
Panera Bread,2009-06-01,3.4545454545454546
Panera Bread,2018-01-01,2.5277777777777777
Panera Bread,2017-09-01,2.375
Panera Bread,2009-02-01,3.7142857142857144
Panera Bread,2017-04-01,2.5734265734265733
Panera Bread,2010-08-01,3.3333333333333335
Panera Bread,2007-12-01,5.0
Panera Bread,2016-04-01,2.72
Panera Bread,2013-03-01,3.1944444444444446
Panera Bread,2016-06-01,2.6790123456790123
Panera Bread,2011-06-01,3.0833333333333335
Panera Bread,2013-10-01,3.5
Panera Bread,2014-08-01,3.0634920634920637
Panera Bread,2018-04-01,2.459627329192547
Panera Bread,2011-02-01,3.5714285714285716
Panera Bread,2015-03-01,2.8823529411764706
Panera Bread,2014-10-01,2.6551724137931036
Panera Bread,2016-12-01,2.5045045045045047
Panera Bread,2011-11-01,3.2941176470588234
Panera Bread,2007-05-01,5.0
Panera Bread,2016-09-01,2.4123711340206184
Panera Bread,2017-11-01,2.3059701492537314
Panera Bread,2014-02-01,3.2045454545454546
Panera Bread,2011-05-01,3.4210526315789473
